account_id,transaction_type,amount,description
19,withdrawal,802.87,Can beautiful on street throw organization.
8,deposit,534.01,Financial shoulder crime.
6,transfer,99.79,Available yes where between.
16,transfer,266.68,Improve institution lot hair arrive.
17,transfer,440.27,Early not protect situation.
6,transfer,365.04,North look too necessary model.
2,deposit,331.41,Management part message spring leg social.
5,transfer,132.91,Law rest cell evidence production question.
16,deposit,916.26,Smile reveal whole represent contain ten stand order.
8,deposit,101.19,Different on picture hand rule what girl.
2,deposit,908.15,Recent while our especially good federal.
2,deposit,614.68,Like record analysis year these stay goal use.
11,deposit,359.13,Learn we point right others commercial new.
10,withdrawal,227.82,Data whether local stop executive different.
18,withdrawal,926.23,View go sport heavy worker his article add.
19,withdrawal,124.85,Student full us six kitchen kid leader.
3,transfer,615.76,Religious movie account before within newspaper.
7,deposit,512.9,Voice your above wrong fight.
18,deposit,566.35,Turn field alone red issue.
17,deposit,646.34,Indeed smile agreement heart similar include.
10,transfer,666.67,Ago road lawyer room operation trial.
6,withdrawal,578.49,Line political return just seek material lot.
20,withdrawal,959.82,Leader from science drive well audience draw.
19,deposit,205.4,Production anyone race.
5,transfer,467.12,Thus material dark training sea.
2,withdrawal,433.27,How understand vote clear indeed total produce particular.
7,deposit,331.08,Billion always nice four.
1,deposit,112.88,Western beautiful coach relate accept visit natural.
12,deposit,497.48,Travel table again test computer.
16,deposit,86.09,Win sport should baby nearly improve.
19,transfer,221.46,Allow which activity like several.
13,withdrawal,745.84,Question miss take.
18,withdrawal,906.8,Possible husband pay company.
16,deposit,348.18,Success name radio grow like already discussion.
6,transfer,838.41,Amount forward place drive agree cup action.
11,deposit,570.98,Fast toward goal next.
12,deposit,384.97,Produce order maintain million put material politics section.
7,transfer,256.44,Name focus purpose claim picture movement.
13,deposit,147.54,Consider thank market each about much.
2,deposit,932.37,Reach financial turn born later try.
